"","Country","Goal 1","Goal 2","Goal 3","Goal 4","Goal 5","Goal 6","Goal 7","Goal 8","Goal 9","Goal 10","Goal 11","Goal 12","Goal 13","Goal 14","Goal 15","Goal 16","Goal 17"
"1","Afghanistan",5.1265,37.5927142857143,36.3981428571429,35.23,17.53875,51.1754,36.59,41.597,16.1234285714286,NA,34.50975,95.5407142857143,98.9146666666667,NA,77.4748,41.4229090909091,43.4866
"2","Angola",32.6725,53.25925,37.5634285714286,48.65675,50.8355,55.0684,47.58975,58.9685714285714,21.1814285714286,16.479,42.36475,94.4658571428572,94.5506666666667,67.3791666666667,66.5306,40.9445454545455,54.2888
"3","Albania",98.632,57.9004285714286,82.4892857142857,90.5895,58.132,75.3298,87.84175,63.9442857142857,48.4044285714286,92.449,88.8916666666667,79.1077142857143,89.5655,49.186,82.2742,62.3673636363636,68.3796
"4","United Arab Emirates",99.6795,68.60625,88.8283076923077,98.92875,72.354,64.1826,68.894,56.8754285714286,90.7521428571429,100,66.381,55.206,27.8583333333333,72.4811666666667,54.90525,70.3129,42.5408
"5","Argentina",96.882,65.615375,84.1088571428571,97.2493333333333,79.99125,77.8204,72.36775,78.0328571428571,54.1291428571429,47.609,88.25125,79.1271428571429,90.434,61.4753333333333,61.323,58.7364,71.7258
"6","Armenia",95.7115,55.95425,79.8725,69.9045,65.91775,64.0974,74.09475,73.8981666666667,54.001,96.03,87.3726666666667,88.0794285714286,91.1446666666667,NA,61.3026,73.7455714285714,62.8052
"7","Australia",99.3495,58.326375,95.8358571428571,92.8973333333333,84.2445,90.7344,72.442,82.9075714285714,92.0275714285714,79.1725,93.42575,53.2862857142857,28.1256666666667,67.664,64.4796,84.8335454545454,67.2788
"8","Austria",99.187,74.844,93.1878461538462,97.1446666666667,84.8255,90.8966,86.40475,77.7994285714286,97.3528571428571,94.2605,97.0316666666667,42.8997142857143,70.5543333333333,NA,70.5904,87.164,73.0614
"9","Azerbaijan",99.3255,57.318,70.5200714285714,90.86225,53.363,66.1472,68.99425,68.8663333333333,42.5214285714286,97.5,82.39425,83.6291428571429,81.0286666666667,NA,65.5642,64.0085,69.686
"10","Burundi",0,59.7071428571429,51.9110714285714,48.40775,57.2595,55.4424,15.76125,66.1771666666667,13.2328571428571,61.4285,70.654,96.7064285714286,99.5826666666667,NA,81.7258,50.3538571428572,58.2555
"11","Belgium",99.503,73.1585,94.5793076923077,95.5966666666667,87.9315,75.047,75.29325,78.563,97.3421428571429,100,97.31975,42.6094285714286,60.5656666666667,56.6626,74.505,86.9477272727273,65.0582
"12","Benin",55.14,62.0145,43.7589285714286,52.67725,34.5845,50.5852,12.10825,77.6298571428571,36.1291666666667,69.8835,39.6945,97.2245,98.2126666666667,59.989,65.536,48.7062,61.2895
"13","Burkina Faso",26.9505,55.8175,49.4000714285714,15.31775,41.19375,46.282,5.18375,69.3362857142857,23.6932857142857,55.294,57.67125,96.0261428571429,98.9566666666667,NA,87.3238,46.1101,58.3572
"14","Bangladesh",81.384,68.268,61.5571428571429,67.1885,53.1,69.5772,51.731,71.6254285714286,50.6416666666667,80.1,34.05325,92.9887142857143,96.6375,65.92,51.1972,46.0045454545455,51.902
"15","Bulgaria",98.6735,67.822,79.1991428571429,83.82575,71.27425,66.7928,72.9983333333333,80.256,70.0711428571429,57.0025,89.7896666666667,63.5162857142857,82.32,65.6514,94.3678,71.2432,69.3318
"16","Bahrain",NA,59.7891428571429,86.0964615384615,83.93275,52.9255,61.0388,70.49575,77.9403333333333,71.8055714285714,NA,49.0786666666667,63.7397142857143,32.2185,52.0784,38.9306666666667,66.0426,47.7086666666667
"17","Bahamas, The",NA,61.0151428571429,79.8010769230769,40.4236666666667,70.49525,70.6465,70.57625,67.054,57.4358333333333,NA,100,69.6001428571429,80.9033333333333,60.5895,39.5932,51.07025,44.17275
"18","Bosnia and Herzegovina",99.8965,71.30175,75.4144615384615,62.86525,42.9175,75.7576,71.8865,72.2507142857143,54.0322857142857,80.7535,82.45825,72.2711428571429,85.8286666666667,83.8946666666667,80.4168,67.0804,78.81525
"19","Belarus",99.184,62.07375,83.6929285714286,93.645,77.26325,88.1304,71.045,61.079,60.6551428571429,100,94.46925,69.0985714285714,82.5756666666667,NA,92.461,64.5937272727273,70.5056
"20","Belize",64.77,57.231125,74.9039285714286,51.5396666666667,58.724,74.9416,71.47525,67.3128333333333,42.1816,NA,88.878,84.6535714285714,90.5173333333333,70.2046,52.1874,59.0342,68.4976
"21","Bolivia",93.275,56.642,64.3324285714286,91.0836666666667,70.43575,70.6396,69.6205,71.6522857142857,40.8748571428571,48.9395,55.6375,78.6518571428571,93.0146666666667,NA,62.5206,47.6314545454546,77.1342
"22","Brazil",84.3935,66.234125,79.7764285714286,90.163,70.8675,85.6138,91.7865,74.8987142857143,72.0608571428572,14.2255,89.31625,80.3828571428571,93.7666666666667,64.7763333333333,61.5518,56.7630909090909,77.6518
"23","Barbados",NA,51.192,84.2325384615385,83.79075,73.753,52.424,70.96,69.1406666666667,59.3878,NA,97.15,55.932,88.754,63.8731666666667,52.7623333333333,74.7809,78.02425
"24","Brunei Darussalam",NA,48.177625,87.0851666666667,97.18825,63.823,66.9732,67.0805,66.33775,77.1468571428571,NA,99.6285,58.3088571428571,7.66233333333333,52.437,56.8528,66.5288333333333,66.358
"25","Bhutan",93.108,50.2028333333333,74.5520714285714,61.493,66.18225,73.7608,74.84175,69.1426,54.0361666666667,94.904,89.6985,75.6335,90.4675,NA,64.6126,78.2062857142857,60.5672
"26","Botswana",65.1435,39.914125,54.4253571428572,61.31,68.84975,71.8482,46.99,64.5367142857143,59.172,13.662,77.37075,87.5508571428571,87.313,NA,74.2642,64.831,74.615
"27","Central African Republic",4.517,33.0208571428572,13.6665,16.80725,27.4095,40.904,20.4665,64.9986666666667,11.844,38.7,47.0225,94.0232857142857,99.419,NA,89.659,45.1994,37.271
"28","Canada",99.5865,66.578625,94.9493571428571,93.2583333333333,83.5895,83.8546,81.36025,80.8847142857143,88.0832857142857,89.397,97.4465,53.1488571428571,48.8506666666667,61.7915,61.3198,82.9563636363636,73.0322
"29","Switzerland",99.4695,71.634,95.5115833333333,97.2386666666667,83.33875,83.7606,83.69925,75.9625,98.2167142857143,81.8,97.3165,35.5984285714286,69.6483333333333,NA,67.1814,82.2098571428571,59.4154
"30","Chile",95.704,66.609875,89.5601428571429,95.71625,77.866,90.1412,82.462,80.2805714285714,71.2454285714286,28.618,90.5975,74.0768571428572,85.3266666666667,78.2752,52.7732,76.0069090909091,87.66975
"31","China",97.967,82.238875,84.0178461538462,99.781,76.051,70.731,69.172,76.4584285714286,83.2872857142857,36.479,71.0723333333333,74.4608571428572,75.8735,56.6915,47.48,57.342875,45.389
"32","Cote d'Ivoire",72.8525,61.415625,46.2557142857143,51.6465,37.38775,55.0506,48.29325,74.6044285714286,39.4554285714286,69.213,57.61725,92.6727142857143,97.8053333333333,79.3491666666667,72.8238,54.7457,55.1254
"33","Cameroon",49.9725,62.541,45.7938571428571,48.7615,57.233,56.8804,48.64375,70.0038571428571,29.4776666666667,36.0045,53.0646666666667,96.6517142857143,98.3733333333333,73.699,63.2998,37.5878181818182,45.699
"34","Congo, Dem. Rep.",7.4565,50.540625,38.5412142857143,42.1296666666667,40.63475,41.2382,29.14525,67.5597142857143,17.6168571428571,32.9675,37.05,97.3206666666667,99.3593333333333,77.89725,69.6312,31.0916,47.935
"35","Congo, Rep.",25.7925,50.61475,48.4342142857143,43.98625,54.62975,53.1168,42.23725,55.0801428571429,14.2538571428571,19.859,62.763,94.9581666666667,93.6293333333333,72.0748,68.2248,46.8362222222222,49.3404
"36","Colombia",73.5405,62.6195,81.5505714285714,90.23625,74.17675,79.079,78.09225,70.1578571428571,54.863,16.197,83.162,87.6075714285714,91.0526666666667,57.3991666666667,64.861,53.4188181818182,77.0996
"37","Comoros",49.894,41.8,54.4506428571429,43.94,32.86025,49.01,36.11575,47.3696666666667,27.0675,25.617,63.7573333333333,95.7825,98.755,43.091,70.788,53.454,56.6656666666667
"38","Cabo Verde",91.456,36.1772,79.4833076923077,77.838,74.43525,56.17275,63.654,51.567,43.1225,41.608,92.1325,81.2655,97.5925,57.4886,62.7926666666667,79.1148333333333,73.6864
"39","Costa Rica",95.621,50.412125,88.2747857142857,85.90925,80.15725,75.0928,86.37225,73.2154285714286,57.2905714285714,22.2535,82.53075,79.9007142857143,92.805,56.361,63.9432,75.5504545454545,73.2042
"40","Cuba",NA,66.707125,84.4555714285714,93.5725,82.12475,73.2382,78.68575,90.94975,41.8198571428571,NA,84.2325,92.2413333333333,93.95,75.4645,72.2528,65.4424,89.4176666666667
"41","Cyprus",99.933,58.923125,91.5120714285714,99.80325,69.1946666666667,65.8832,75.10825,69.0858571428572,76.668,84.4905,93.7066666666667,46.1795714285714,69.0623333333333,50.1483333333333,71.614,66.7339,51.6746
"42","Czechia",99.7315,61.9295,92.0878571428571,94.749,73.90225,84.6548,76.4765,83.181,83.244,100,96.05075,54.2202857142857,74.423,NA,91.7638,84.5690909090909,64.3978
"43","Germany",99.477,73.046625,94.2227857142857,96.41,81.3715,85.3142,77.47025,83.5945714285714,96.1001428571429,87.2095,96.8815,49.2798571428572,71.6563333333333,73.7835,82.5716,89.1019090909091,81.1248
"44","Djibouti",65.375,50.2558571428572,45.7416923076923,12.835,33.25175,53.8024,27.9975,51.6776666666667,33.6686666666667,44.391,78.771,87.0646666666667,90.1633333333333,57.5445,34.2825,54.1614,57.65575
"45","Denmark",99.266,74.775125,95.4099285714286,98.5823333333333,89.4225,89.4032,88.99175,83.4714285714286,96.3964285714286,98.4375,97.39275,36.5508571428571,70.3343333333333,76.3341666666667,78.0164,92.9671818181818,79.2098
"46","Dominican Republic",96.0195,75.727,69.6985714285714,82.1215,70.42675,68.716,70.0125,72.9421428571429,51.5626666666667,63.226,73.22375,81.5498571428571,92.6103333333333,84.0335,71.7784,55.5466363636364,63.8636
"47","Algeria",97.7635,64.327,77.7927857142857,68.032,36.85275,57.302,66.39075,66.6178571428571,52.3161428571429,97.015,68.48275,88.7131428571429,87.2245,64.7721666666667,65.9196,65.1562727272727,73.364
"48","Ecuador",87.297,53.105625,77.4398571428571,92.42925,79.599,76.0432,75.6975,71.967,51.994,25.0855,67.30075,86.734,92.3136666666667,80.2791666666667,54.6318,45.5124,74.9914
"49","Egypt, Arab Rep.",89.6195,60.986,71.5823571428572,66.9785,57.29075,62.5832,70.034,66.085,60.9814285714286,82.5215,67.57475,87.8784285714286,94.2876666666667,51.2473333333333,65.8878,57.7100909090909,62.22
"50","Spain",98.763,66.5845,94.7997692307692,96.17525,86.545,85.9386,79.1035,78.3384285714286,90.4262857142857,80.515,97.49925,65.8497142857143,82.9,60.1126666666667,67.9376,78.5302727272727,61.9342
"51","Estonia",98.5155,64.072375,89.0978571428571,96.28825,78.08925,87.6082,86.54275,76.3314285714286,86.5428571428572,86.118,98.7855,41.1845714285714,69.2153333333333,87.3301666666667,76.709,90.2453636363636,55.1602
"52","Ethiopia",53.684,57.7195,48.9562142857143,30.85575,57.5675,39.1696,33.562,65.6791428571428,26.9954285714286,71.655,54.046,97.5412857142857,99.4153333333333,NA,57.7996,32.6934,44.9702
"53","Finland",99.6135,62.8425,96.4736923076923,96.5943333333333,91.61475,94.3838,94.212,82.444,96.2307142857143,97.5,98.759,56.4252857142857,72.6666666666667,87.9253333333333,75.1104,92.934,72.2318
"54","Fiji",91.813,59.433,72.3096923076923,90.95625,50.89125,71.19475,68.25525,67.212,65.222,88.118,74.4065,85.362,97.1025,69.8701666666667,32.24325,76.4578571428572,68.072
"55","France",99.4905,76.226875,93.6959285714286,99.8396666666667,86.79575,87.9028,78.8565,81.4638571428572,92.1394285714286,88.9305,97.6865,58.8967142857143,81.5946666666667,65.3421666666667,77.649,75.0946363636364,65.3334
"56","Gabon",87.525,52.120375,51.9945714285714,55.2263333333333,57.65475,63.0394,84.98775,64.2754285714286,38.7487142857143,61.8055,71.3643333333333,85.0846666666667,84.1166666666667,65.8258333333333,84.896,42.3572,51.9288
"57","United Kingdom",99.8005,69.657125,92.8364166666667,95.4706666666667,83.17925,93.7978,75.81075,79.721,95.6392857142857,75.0045,97.6455,53.2732857142857,81.1913333333333,76.1976666666667,87.1138,81.4868181818182,58.9278
"58","Georgia",84.3595,56.310375,76.0532857142857,97.317,58.96575,72.6748,79.157,72.5195714285714,54.9261428571429,75.8135,91.167,85.6921428571428,90.585,61.1058,70.8642,73.5661818181818,72.4716
"59","Ghana",58.618,67.12725,54.8677857142857,78.255,45.7975,59.72,53.37825,76.7941428571429,50.8642857142857,35.215,63.05575,95.7365714285714,97.0526666666667,45.0323333333333,71.8122,65.791,52.721
"60","Guinea",65.0075,57.136125,30.1512142857143,32.307,31.64225,54.1594,28.4785,70.1847142857143,21.4582857142857,91.7615,54.3196666666667,95.5536,98.4486666666667,57.8706666666667,71.56,42.1633,56.973
"61","Gambia, The",28.2885,49.1252857142857,49.9745714285714,43.266,40.19225,63.2178,33.609,64.89,32.7857142857143,57.553,67.6323333333333,96.6668333333333,98.9243333333333,63.76625,81.9742,42.9876,64.4505
"62","Guinea-Bissau",33.633,42.7651428571429,33.1823076923077,25.02825,35.8075,39.0965,18.56775,70.6036666666667,27.4707142857143,76.656,49.8745,94.301,99.6075,75.7544,63.844,52.4498571428571,43.0262
"63","Greece",99.071,65.120875,90.0805,94.17,64.723,88.0012,78.0815,74.5792857142857,85.9997142857143,82.971,95.82175,59.7365714285714,79.284,66.101,83.8276,72.8359090909091,57.5964
"64","Guatemala",77.855,41.0285,71.4170714285714,73.34225,49.20425,68.9572,56.86175,66.8474285714286,27.1167142857143,20.704,61.453,90.2421428571429,95.5396666666667,55.9805,54.093,39.3528,59.89
"65","Guyana",96.196,67.064375,68.355,81.8735,63.83625,70.78025,58.26625,74.75875,39.0278333333333,NA,85.2576666666667,86.0523333333334,53.7855,37.2992,91.6875,54.9307272727273,67.93125
"66","Honduras",70.846,47.962375,69.3882857142857,55.13825,65.12875,72.0752,61.707,65.3372857142857,36.6081428571429,20.845,61.163,90.9708571428572,96.1513333333333,62.5701666666667,72.09,40.3585454545455,65.6556
"67","Croatia",99.411,70.714,87.7384285714286,97.24825,72.26475,87.9242,83.8845,82.7721428571429,75.2934285714286,93.7455,92.78925,61.9548571428571,83.4766666666667,84.6028333333334,88.2728,72.407,62.752
"68","Haiti",40.9975,53.530875,40.0669285714286,68.96,43.8285,54.4664,26.69175,56.4352857142857,24.7173333333333,47.251,37.59725,93.4406,98.5716666666667,64.9456,65.8432,32.2093636363636,45.94425
"69","Hungary",98.922,65.1165,84.1684615384615,94.1235,66.66925,86.5838,75.118,80.2835714285714,81.2215714285714,94.089,96.42675,68.9547142857143,83.9773333333333,NA,86.0832,69.7643636363636,54.387
"70","Indonesia",87.1435,62.441,65.5449285714286,93.885,62.8555,70.4784,67.08775,75.9137142857143,55.8055714285714,59.852,55.20675,87.8232857142857,91.8593333333333,69.9736666666667,52.221,64.7899,57.5092
"71","India",92.337,49.187125,67.3361428571429,90.423,42.099,60.3928,67.768,75.2072857142857,57.6158571428571,40.5635,55.3945,82.5775714285714,93.7495,62.8333333333333,45.3098,50.8013,54.159
"72","Ireland",99.9315,67.17075,94.0681538461538,98.162,77.3495,82.054,75.16125,81.2231428571428,87.4891428571429,92.293,96.0245,34.0203333333333,57.6116666666667,72.4421666666667,70.2836,89.3134545454545,63.6586
"73","Iran, Islamic Rep.",95.431,63.866625,80.0234285714286,79.01175,43.98025,57.0764,65.96725,70.8964285714286,68.9505714285714,65.4085,67.4873333333333,84.0765714285714,74.9375,79.4836666666667,63.7408,58.9743,52.95
"74","Iraq",95.583,51.5964285714286,68.1233571428571,65.3586666666667,35.07925,56.6108,68.258,60.0283333333333,45.9284285714286,91.4955,41.7005,83.5764285714286,85.669,67.7862,38.27075,62.711,73.22475
"75","Iceland",99.853,57.3905,96.9044285714286,95.8946666666667,93.7966666666667,72.4802,99.24575,67.7064,91.1812857142857,100,97.63725,46.7711428571429,66.413,62.7866,36.72725,92.0538571428572,75.4176
"76","Israel",98.5885,62.033125,94.9365,93.019,72.47,68.9118,73.11875,81.906,98.1951428571429,72.8035,94.812,65.3058571428571,75.7816666666667,38.0742,41.624,65.899,52.6096
"77","Italy",98.4985,68.83525,94.1391428571428,97.324,71.40775,79.7746,77.3235,77.8442857142857,88.5538571428572,77.28,93.1383333333333,63.9097142857143,80.806,63.1951666666667,80.9172,71.6059090909091,63.3638
"78","Jamaica",91.617,55.335375,76.7507857142857,83.4923333333333,76.27525,66.2708,66.83925,74.1492857142857,51.675,44.367,73.1616666666667,81.6044285714286,90.5886666666667,62.169,50.7974,60.2847272727273,76.362
"79","Jordan",98.242,52.0447142857143,77.1051428571429,65.906,37.87725,54.6726,73.91975,58.449,65.9471428571429,77.049,58.2795,89.0045714285714,91.9773333333333,90.47175,51.667,65.8623636363636,65.5094
"80","Japan",99.256,72.531375,94.1908461538462,99.6603333333333,58.99225,83.89,73.14,85.702,94.4164285714286,80.5195,87.4466666666667,67.3054285714286,75.3096666666667,56.3048333333333,65.0464,87.1604545454546,76.8984
"81","Kazakhstan",98.724,54.1061428571428,79.497,87.69475,69.89775,70.445,63.783,70.4265714285714,53.3348571428571,93.859,79.8175,75.5385714285714,59.991,NA,62.7282,63.0582,60.2928
"82","Kenya",49.1885,55.491,53.4986428571428,73.8103333333333,70.48625,47.8134,41.099,76.5088571428571,41.6841428571429,57.7565,57.4315,94.9658571428572,98.1166666666667,69.9276666666667,59.1724,50.7413,59.2642
"83","Kyrgyz Republic",91.6515,61.3775,74.3319285714286,91.3,62.7155,67.3132,79.44,67.0117142857143,41.903,92.8565,82.8815,91.1891428571429,96.2446666666667,NA,66.095,55.7292,73.6114
"84","Cambodia",NA,68.510125,61.2186428571429,60.3455,48.14425,66.5766,55.95525,68.5878571428571,39.784,NA,71.6143333333333,92.0982857142857,95.8693333333333,60.304,48.6516,50.8732727272727,56.6016
"85","Korea, Rep.",99.4485,81.622,93.6130769230769,95.39725,66.1535,71.9158,71.08925,82.4535714285714,99.5864285714286,82.632,83.0646666666667,70.3115714285714,66.576,55.7268333333333,51.8834,79.5132,63.6264
"86","Kuwait",NA,69.027625,90.4007692307692,73.379,50.2665,46.6368,69.64825,68.288,70.5521428571429,NA,51.2203333333333,51.968,32.9943333333333,48.591,62.514,70.3426666666667,61.4112
"87","Lao PDR",68.147,61.191,55.5146428571429,66.56775,60.1995,70.0868,59.6745,73.986,35.7361428571429,57.428,70.79,87.7145714285714,92.4916666666667,NA,45.6066,43.5496,60.14075
"88","Lebanon",98.7295,59.5987142857143,72.4024615384615,77.427,40.70825,61.3764,53.8613333333333,49.5371428571428,77.6836666666667,84.4435,59.5616666666667,72.2434285714286,83.1703333333333,64.7902,49.9894,46.927,33.6576
"89","Liberia",27.608,41.6748571428571,44.5132142857143,43.587,36.27625,54.6666,26.0325,69.1605714285714,23.1222857142857,72.1075,39.7263333333333,96.4868,99.4903333333333,83.6368333333333,48.916,41.6463636363636,43.53575
"90","Sri Lanka",85.073,62.88075,80.1663571428571,77.2315,49.3155,56.5136,63.9115,74.0585714285714,49.9434285714286,61.728,71.6893333333333,83.4148571428571,96.3666666666667,73.0385,56.1284,50.7091,54.1894
"91","Lesotho",31.2865,42.581625,31.0147857142857,40.6325,74.31375,50.389,22.096,51.267,29.3391428571429,27.462,77.0713333333333,98.617,96.585,NA,78.9533333333333,48.2417142857143,77.5452
"92","Lithuania",98.784,60.293375,85.8106428571429,98.429,74.788,78.7748,73.52675,76.412,81.0341428571429,67.7155,95.301,48.3435714285714,76.1493333333333,82.3218,85.1632,88.2941818181818,56.8494
"93","Luxembourg",99.641,64.362875,95.9396428571429,97.778,82.6453333333333,78.9568,58.55775,78.9866666666667,88.3434285714286,88.8775,98.38725,27.7072857142857,47.1916666666667,NA,67.3588,91.3286363636364,73.53
"94","Latvia",98.81,64.00875,84.5013571428571,97.32025,78.20475,92.3132,87.713,82.697,77.2445714285714,74.0755,94.9995,56.6361428571428,76.3876666666667,84.2106666666667,90.9742,81.5453636363636,55.1532
"95","Morocco",91.642,62.176,72.5047857142857,82.45625,42.90625,62.4074,69.86675,69.7172857142857,59.3034285714286,53.9425,81.41175,90.1771428571429,94.74,71.526,69.529,59.7629,70.391
"96","Moldova",98.6,59.1374285714286,75.4922142857143,99.14875,82.229,72.331,80.01775,69.6728571428572,40.491,99.7185,92.142,77.7995714285714,91.356,NA,88.2546,69.5407,78.1664
"97","Madagascar",3.984,51.823125,35.4895714285714,55.7685,64.07375,45.4998,37.58825,65.9867142857143,10.7681428571429,40.17,56.66125,96.9745714285714,99.4686666666667,65.9515,49.343,40.0769,51.1572
"98","Maldives",99.087,41.7958333333333,87.3162142857143,91.8135,37.34225,73.82725,66.364,76.4283333333333,49.7415,92.6525,87.35275,74.4583333333333,91.8975,64.2251666666667,29.625,71.6024,70.2984
"99","Mexico",87.1385,58.89675,80.0772142857143,96.8675,80.1805,69.888,69.03,66.4777142857143,59.9468571428571,38.226,73.11225,80.3165,88.576,62.7948333333333,57.1324,45.4785454545455,63.6298
"100","North Macedonia",96.633,59.4487142857143,79.6131428571429,67.479,56.361,71.419,72.1045,68.168,58.1324285714286,80.143,89.5685,79.2367142857143,88.6673333333333,NA,79.3566,69.6492727272727,72.991
"101","Mali",46.713,57.866,40.7767142857143,7.76325,35.823,63.3138,31.309,70.557,24.7888571428571,69.8405,67.4255,95.5741428571429,98.8213333333333,NA,86.5606,49.4126666666667,52.4348
"102","Malta",99.6595,64.175125,93.4370714285714,91.62075,71.6295,58.6868,74.85375,84.615,82.058,85.2885,97.5545,62.8544285714286,61.783,70.9636666666667,83.232,67.2552,58.5166
"103","Myanmar",87.011,66.324,50.231,64.47825,55.80925,68.223,47.3905,62.0447142857143,34.6902857142857,87.243,57.227,92.586,98.001,47.5394,50.714,51.5120909090909,46.9562
"104","Montenegro",98.986,59.510875,76.4615,89.43825,53.41075,65.2273333333333,79.92725,63.45625,63.0408571428571,72.839,90.4646666666667,69.945,90.5405,55.1512,59.06575,71.0319090909091,83.4363333333333
"105","Mongolia",95.794,43.5158571428571,66.5392857142857,91.25625,63.61325,66.3274,42.42975,77.1131428571429,43.1807142857143,83.832,57.08025,59.9618571428571,60.3733333333333,NA,74.0036,62.0160909090909,78.8948
"106","Mozambique",3.463,51.800625,37.0602142857143,57.5766666666667,68.72525,54.8008,36.20375,69.0032857142857,23.6948571428571,17.6055,59.11175,97.7502857142857,97.895,72.0368333333333,63.0474,46.6671,67.4958
"107","Mauritania",77.103,44.783,54.9766428571429,40.7566666666667,31.776,61.576,36.09575,49.8974285714286,24.5014285714286,83.067,54.516,91.6302857142857,95.975,71.766,59.284,51.4447272727273,59.72625
"108","Mauritius",97.9305,72.1955,77.7885384615385,83.3415,51.2125,71.04,72.34575,78.1178,57.9108571428571,65.339,94.4855,74.4903333333333,91.8225,48.9228333333333,36.5463333333333,64.0766666666667,60.0442
"109","Malawi",0,62.228875,49.9025,53.6013333333333,58.1625,58.168,39.11875,67.8851428571429,22.0495714285714,58.507,54.487,97.5637142857143,99.0016666666667,NA,61.86,61.1079090909091,54.4484
"110","Malaysia",98.8935,49.16375,82.0652857142857,81.2373333333333,55.4385,74.5452,68.417,78.3841428571428,87.2772857142857,48.8605,73.4383333333333,77.3198571428571,76.3243333333333,64.8958333333333,39.2188,60.0797777777778,62.8118
"111","Namibia",64.271,46.289,52.6861428571428,87.8175,86.108,59.9374,45.49725,66.62,49.4391428571429,5.493,79.0876666666667,84.9333333333334,90.2233333333333,79.4771666666667,90.1098,65.9822,77.2126
"112","Niger",16.662,48.095875,35.4517142857143,4.95225,39.68075,44.2798,11.37625,69.8884285714286,15.5155714285714,73.1345,35.03575,97.3251666666667,99.4413333333333,NA,78.3822,48.1338181818182,63.4905
"113","Nigeria",30.723,57.33775,32.2444615384615,37.0826666666667,36.17475,61.2792,29.13275,66.5122857142857,39.9775714285714,72.796,26.107,95.4032857142857,97.959,62.2158333333333,75.7134,34.9594545454545,72.2453333333333
"114","Nicaragua",73.6675,47.339125,77.1767142857143,73.40675,83.5755,66.1002,60.1115,66.53,32.0764285714286,23.662,65.88575,88.8855714285714,97.0103333333333,62.1998333333333,68.006,48.6693,64.9884
"115","Netherlands",99.4265,70.23925,94.5919230769231,99.1496666666667,84.62025,88.3688,74.356,82.4584285714286,93.5367142857143,93.75,96.70975,39.336,46.4615,54.7346666666667,68.6048,90.1807272727273,69.9702
"116","Norway",99.199,63.17325,96.8920769230769,97.9583333333333,89.929,82.7812,98.79225,82.244,92.4861428571429,95.3435,97.73725,41.7951428571429,39.4716666666667,74.6191666666667,65.467,90.8900909090909,89.1462
"117","Nepal",83.7675,65.643,58.6927857142857,86.058,45.61025,71.3818,51.064,69.3057142857143,44.7591428571429,80.2225,49.7775,92.7874285714286,97.3396666666667,NA,69.498,53.9969090909091,58.9454
"118","New Zealand",NA,56.836625,93.2102142857143,91.7393333333333,89.49825,85.3636,84.21875,82.9347142857143,90.1542857142857,81.25,98.08225,49.1562857142857,73.4853333333333,51.8996666666667,51.3228,88.7733636363636,73.9188
"119","Oman",NA,56.6305,82.9462857142857,80.30975,33.11675,42.8576,67.91525,79.0676666666667,72.2944285714286,NA,65.55725,66.9491428571429,35.8036666666667,78.3381666666667,58.2746666666667,68.069,69.10375
"120","Pakistan",78.5345,41.06925,46.1823076923077,32.0785,36.51125,49.8716,58.397,58.6275714285714,42.1,90.074,36.222,88.5651428571428,96.7765,63.395,64.7062,40.0509090909091,46.2388
"121","Panama",95.5395,46.921,84.1450714285714,84.634,62.625,70.7626,79.38975,69.8904285714286,52.045,17.0425,82.4465,72.142,91.3863333333333,70.3723333333333,68.321,61.8061818181818,65.036
"122","Peru",86.0195,66.796,78.2408571428572,96.36525,71.8225,78.0806,73.44875,71.1195714285714,49.7981428571429,51.019,63.249,89.1077142857143,93.7033333333333,78.615,54.459,52.1518181818182,68.044
"123","Philippines",81.01,64.925,60.0058571428572,82.7435,61.38075,70.522,58.91425,69.4067142857143,53.3935714285714,49.44,61.0145,91.0604285714286,95.4786666666667,75.1426666666667,57.8638,49.5128,65.2138
"124","Papua New Guinea",30.785,39.7255714285714,42.8287692307692,51.90225,45.5635,44.9264,28.0825,75.9656,12.6687142857143,43.6875,48.7073333333333,96.767,95.556,72.1665,62.792,48.7946666666667,42.8748
"125","Poland",99.061,65.51975,86.3767857142857,99.88975,72.6805,78.8764,73.1115,83.9282857142857,84.3745714285714,98.169,94.03375,67.2922857142857,78.426,71.7933333333333,91.0878,79.0797272727273,65.0734
"126","Portugal",98.672,62.825,92.5640714285714,99.525,81.5095,79.4102,84.68475,78.4518571428572,87.4062857142857,81.109,96.78475,64.7767142857143,84.2086666666667,49.7398333333333,75.635,81.512,65.0028
"127","Paraguay",95.665,70.594375,68.0494615384615,74.52475,70.14025,77.7652,85.80225,68.5208571428571,41.9787142857143,27.0555,70.1335,81.5388571428572,89.6575,NA,53.9306,47.8971818181818,67.8692
"128","Qatar",NA,65.913125,89.7983571428572,92.252,54.8335,52.9236,67.055,63.9673333333333,88.3435714285714,NA,64.54,44.8526666666667,0,80.4684,48.3503333333333,74.1676666666667,49.68925
"129","Romania",98.6855,63.653875,81.2,79.33775,53.05425,76.5346,79.45775,78.2492857142857,70.5535714285714,81.875,89.96925,69.7592857142857,87.1233333333333,86.6762,78.012,77.4349,52.3196
"130","Russian Federation",98.883,59.5548571428571,80.1943846153846,94.98425,66.197,74.451,62.275,77.2222857142857,74.1437142857143,78.9655,91.714,75.8195714285714,70.6113333333333,53.5201666666667,65.8946,53.3905,64.8424
"131","Rwanda",26.7995,62.2125,63.2889285714286,51.16425,77.9305,60.4152,32.7555,70.7675714285714,35.8427142857143,34.9015,64.498,94.2145714285714,98.8683333333333,NA,68.0294,63.79,62.5634
"132","Saudi Arabia",NA,56.86825,83.8478571428572,77.9085,44.7615,56.7846,68.5,65.5603333333333,78.9671428571429,NA,55.24475,54.8314285714286,37.1743333333333,63.5428333333333,49.122,71.6608333333333,72.0462
"133","Sudan",32.68,24.7284285714286,53.0941428571429,31.80725,37.47225,34.0178,59.33825,48.039,21.2415714285714,75.0325,41.85525,93.3815714285714,98.21,61.835,59.1076,39.8947,36.8036
"134","Senegal",66.213,61.6595,58.3324285714286,31.9715,52.07525,64.3008,42.86675,78.4342857142857,41.8014285714286,65.0385,70.0105,94.58,97.1316666666667,68.5855,63.1904,52.9761,68.4536
"135","Singapore",NA,72.0128333333333,95.0150769230769,97.358,73.2175,69.9624,71.089,66.0607142857143,93.1152857142857,NA,97.03,47.245,51.765,52.0708,33.7945,83.4537,52.63225
"136","Sierra Leone",65.4225,54.932625,42.1662857142857,49.9285,48.732,51.1116,16.3955,66.7685714285714,17.5968571428571,69.7005,50.1223333333333,97.7742857142857,99.3886666666667,78.6061666666667,63.7488,49.4590909090909,67.4555
"137","El Salvador",90.4415,47.35,77.6414285714286,79.47525,63.80325,73.5416,74.625,67.9408571428571,38.6981428571429,58.178,71.182,86.7132857142857,93.6146666666667,44.1621666666667,62.8944,58.9431818181818,77.138
"138","Somalia",20.6055,19.483,20.5117692307692,46.113,16.82975,47.3814,44.94925,60.7688333333333,12.5668571428571,NA,80.0795,94.4554,98.728,50.3298,53.9698,25,32.79425
"139","Serbia",98.6665,73.203,82.4633571428571,86.4605,61.5005,76.5768,75.4435,78.6527142857143,70.829,77.093,86.3806666666667,84.5546666666667,83.8826666666667,NA,66.0316,65.744,76.36
"140","South Sudan",0,25.7652857142857,29.3647857142857,1.23175,55.73925,41.8032,12.47025,51.8528333333333,2.76033333333333,32.901,27.4563333333333,95.31825,99.155,NA,68.31775,39.2574,32.2115
"141","Sao Tome and Principe",45.9055,55.969,66.9503846153846,72.0905,42.88225,51.11875,40.39275,47.1305,33.184,48.5335,76.8423333333333,95.8056666666667,98.5325,79.896,75.946,78.0373333333333,61.98475
"142","Suriname",98.127,66.3925,71.8499285714286,64.4655,65.64075,71.3875,70.34325,46.2163333333333,50.7764,45.562,86.098,81.1606666666667,85.435,76.9128333333333,73.87775,65.4410909090909,70.51275
"143","Slovak Republic",99.1735,68.646375,87.7230714285714,84.0696666666667,73.14375,82.8104,76.50225,75.0027142857143,76.1541428571429,100,94.83875,65.0552857142857,77.9506666666667,NA,87.2572,77.235,57.3166
"144","Slovenia",99.4035,64.345875,92.8303846153846,94.7443333333333,81.68925,90.1606,80.005,78.7152857142857,83.4457142857143,100,94.031,50.4992857142857,76.0643333333333,71.209,81.664,77.9740909090909,66.0454
"145","Sweden",98.7515,68.904,95.6801666666667,99.0986666666667,90.34425,93.3064,99.072,81.0222857142857,98.2795714285714,93.653,94.1265,54.6952857142857,78.8493333333333,69.0483333333333,72.0056,88.2282727272727,81.7978
"146","Eswatini",32.9105,42.40025,40.9445,59.71025,75.09475,51.682,69.21075,47.47875,46.1975,11.831,89.0896666666667,85.509,97.089,NA,42.8235,61.5618571428571,61.7375
"147","Syrian Arab Republic",84.4875,36.015,60.5328571428571,48.76,30.22975,62.9052,64.04175,65.178,24.2287142857143,85.634,74.196,91.9621666666667,94.7875,50.9454,56.7406,54.0051666666667,45.49125
"148","Chad",25.746,36.9542857142857,28.5892857142857,11.47675,27.47825,44.6654,2.127,68.5896666666667,9.77885714285714,62.353,35.6173333333333,91.7203333333333,99.0665,NA,75.8462,31.4786,48.04575
"149","Togo",33.247,59.032125,47.2393571428571,80.17375,42.71375,52.2378,31.915,73.091,26.3548571428571,55.029,48.1655,96.0422857142857,98.933,70.876,78.1375,43.1259,56.0376
"150","Thailand",98.678,56.86075,82.2160714285714,97.511,72.10125,75.2812,71.721,78.7882857142857,74.399,73.077,70.5935,79.4622857142857,83.712,64.2143333333333,62.3566,64.1995,64.1468
"151","Tajikistan",81.711,65.6455,69.1765714285714,68.73425,56.16625,59.183,86.35875,69.7018333333333,27.1311428571429,76.4385,67.75,91.6445,96.9166666666667,NA,60.8065,60.5834,54.0118
"152","Turkmenistan",98.912,55.7248571428571,71.1481538461538,86.4675,77.81225,47.1682,61.9405,69.4971666666667,23.666,NA,72.32,79.5498333333333,63.8055,NA,63.173,71.141,47.541
"153","Trinidad and Tobago",98.2665,46.36675,82.1725384615385,50.916,65.1655,70.60925,59.53825,73.126,42.3201428571429,NA,95.1055,63.941,42.008,51.4975,48.634,56.0148181818182,68.19575
"154","Tunisia",97.8035,61.76225,77.613,88.8923333333333,42.663,62.4746,67.841,60.5275714285714,60.8645714285714,78.4725,86.202,85.8145714285714,92.0856666666667,63.3635,66.3858,61.5169090909091,78.7478
"155","Türkiye",98.4485,64.137375,82.8596363636364,85.412,47.54475,71.6032,71.961,66.2315714285714,79.0205714285714,49.0935,83.8835,74.4864285714286,85.9006666666667,58.0546666666667,52.7656,61.2799090909091,65.2688
"156","Tanzania",25.661,56.672625,55.6534285714286,51.86625,69.33425,51.249,34.39125,75.2284285714286,34.2898571428571,50.3775,60.61975,95.5345714285714,99.1353333333333,69.8478333333333,60.7526,45.0597272727273,53.79
"157","Uganda",25.684,58.629125,54.2290714285714,42.517,63.13075,48.7228,44.4755,71.7117142857143,33.4674285714286,39.7475,49.38975,95.7161428571429,99.158,NA,63.4514,41.7520909090909,55.6276
"158","Ukraine",NA,61.156625,73.1076923076923,77.53125,66.1175,75.7226,71.1855,67.4068571428571,56.8414285714286,100,86.59725,81.4184285714286,87.803,61.2795,79.6012,64.7503636363636,69.742
"159","Uruguay",98.461,62.584875,86.0377142857143,87.792,75.305,77.8358,97.65225,83.6434285714286,60.797,49.455,90.76975,71.2981428571428,85.7195,60.1035,58.3436,78.3017272727273,86.416
"160","United States",99.4165,68.5585,87.5756923076923,88.9986666666667,77.25975,81.342,73.95075,78.1058571428571,98.6424285714286,53.926,89.11975,59.0522857142857,61.2803333333333,64.7961666666667,57.313,67.1506363636364,58.8552
"161","Uzbekistan",70.5295,65.81275,75.667,85.7245,70.8605,57.2154,63.75,71.8015714285714,45.097,81.608,55.6053333333333,91.2445,91.8796666666667,NA,65.6716,58.4916,60.4656
"162","Venezuela, RB",20.4085,52.3515,69.4758461538461,78.12225,65.335,76.1306,79.4725,74.086,38.6412857142857,28.5715,62.127,82.0526666666667,86.5445,82.5815,78.3348,29.7042,57.949
"163","Vietnam",97.9315,71.649625,73.9549285714286,96.393,75.2085,73.14,74.7705,75.8225714285714,62.9945714285714,67.8075,80.091,83.3758571428571,90.0383333333333,48.1115,41.4916,63.7269090909091,69.93125
"164","Yemen, Rep.",2.64,37.220625,46.904,28.339,10.47875,36.4902,42.18725,53.723,16.1588571428571,66.2925,48.44475,96.2024285714286,98.46,74.9833333333333,50.293,38.936,48.9545
"165","South Africa",51.6655,54.02125,55.7077142857143,72.059,83.98525,61.3536,62.069,69.4588571428571,74.9385714285714,0,64.20275,83.2831428571428,84.4913333333333,70.8325,59.2122,55.4002727272727,75.7182
"166","Zambia",10.0895,52.419125,46.4595714285714,67.454,52.9415,55.206,44.286,67.2917142857143,33.0691428571429,10,47.98325,94.8408571428572,98.4663333333333,NA,68.2324,45.1879090909091,64.8276
"167","Zimbabwe",22.0645,47.529125,45.1575714285714,67.186,72.15,50.1276,42.30125,65.7395714285714,41.7141666666667,23.981,74.17925,96.2455714285714,97.8386666666667,NA,76.6442,42.9277272727273,49.4446
"168","BRICS members",93.81,64.42925,76.2361428571429,92.8625,60.829,66.8124,69.6175,75.6927142857143,72.2918571428571,36.1845,63.64375,78.6052857142857,86.6106666666667,59.1373333333333,48.499,52.637,56.1544
"169","East and South Asia",92.4335,63.3125,72.2132142857143,84.56975,58.33675,65.0752,66.18375,73.8057142857143,68.0724285714286,38.855,58.565,81.2818571428571,89.942,61.2508333333333,48.8452,54.3556363636364,53.9928
"170","BRICSplus members",92.344,63.9985,75.3597857142857,88.0455,60.14725,61.934,68.24925,74.677,70.954,36.4505,63.625,79.3728571428571,86.313,59.491,49.8528,52.4835,55.8792
"171","Eastern Europe and Central Asia",79.523,59.97775,74.0664285714286,84.85325,59.67225,68.6104,60.04125,69.8827142857143,59.2198571428571,84.7315,78.03425,79.853,80.9423333333333,NA,70.9624,55.3234,63.2566
"172","Middle East and North Africa",83.172,57.93975,73.2996428571429,67.9565,43.2315,53.8396,65.78925,62.7195714285714,59.4048571428572,77.976,64.81275,83.5017142857143,80.1306666666667,65.4821666666667,55.81275,56.2692,63.83225
"173","Latin America and the Caribbean",79.926,61.810125,77.1529285714286,86.765,71.742,78.4868,80.452,73.3757142857143,57.393,21.114,79.5145,82.5514285714286,93.158,61.6235,62.3802,52.4672727272727,72.6302
"174","Oceania",35.936,35.3571666666667,43.8944166666667,57.08325,46.5,17.149,32.462,65.8985,18.9924,50.511,73.4165,92.8505,95.617,65.8792,50.069,62.993,47.8834
"175","Small Island Developing States",61.413,59.392625,65.9952307692308,75.95875,62.44575,54.90275,53.9275,68.8535,51.2046666666667,55.173,77.5293333333333,80.0293333333333,91.0405,68.9675,53.41,58.7724285714286,59.5374
"176","OECD members",97.0945,67.799125,90.2305,93.7596666666667,75.4675,81.5558,75.4945,77.9734285714286,92.9857142857143,65.1815,90.19325,62.2112857142857,72.9763333333333,63.5673333333333,66.0328,72.1496363636364,68.5262
"177","Sub-Saharan Africa",26.9085,54.159375,43.8448571428572,40.16725,50.4435,52.0536,35.55125,67.2902857142857,31.8388571428571,42.726,47.62125,95.0704285714286,97.6783333333333,66.4053333333333,67.2406,42.087,52.353
"178","Low-income Countries",20.9195,50.208125,43.4842857142857,33.89475,43.96125,46.3464,31.58675,60.5847142857143,21.3087142857143,52.593,47.82475,96.2061428571429,98.9246666666667,67.9795,65.441,40.1302727272727,45.9842
"179","Lower-middle-income Countries",80.6235,54.46225,62.3453571428571,75.00225,48.5865,60.0314,60.385,71.5232857142857,51.924,48.9095,53.945,87.07,94.8543333333333,63.9708333333333,54.6568,50.4972727272727,55.2106
"180","Upper-middle-income Countries",93.152,72.641125,81.7755714285714,92.085,72.8085,71.2508,71.13725,74.2851428571429,78.2695714285714,32.4295,75.413,77.1951428571429,83.6346666666667,58.4593333333333,53.4062,59.3206363636364,60.3456
"181","High-income Countries",99.2295,69.052,91.6181428571429,94.93275,75.21275,70.2558,75.828,79.7207142857143,94.6347142857143,74.6345,91.26125,58.2982857142857,67.4213333333333,64.7805,67.806,76.9867272727273,67.7494
"182","World",80.691,62.051625,71.2809285714286,78.704,60.025,62.4934,63.47025,72.6821428571428,69.3765714285714,40.585,65.243,80.2245714285714,87.2873333333333,62.4533333333333,57.2614,55.2625454545455,57.978
